embedding_method,repeats,best_result_mean,best_result_std,best_result_max,best_result_min,best_so_far_auc_mean,best_so_far_auc_std
one_hot,3,87.83,0.0,87.83,87.83,80.20133333333334,2.719140044818097
fingerprint_concat,3,89.63666666666667,2.2738806770218463,92.19,87.83,83.302375,3.8897763672864314
physicochemical_descriptors,3,88.21666666666667,0.33486315612998196,88.41,87.83,81.626875,5.193023190721862
molclr_concat,3,88.97666666666666,1.9860849260123112,91.27,87.83,75.50183333333334,3.053797697983338
chemberta_concat,3,88.81,0.9425497334358522,89.71,87.83,77.81454166666667,6.087644428899271
